country,continent,year,lifeExp,pop,GDP_per_capita
Ghana,Africa,2002,58.453,20550751,1111.984578
Ghana,Africa,2007,60.022,22873338,1327.60891
Kenya,Africa,2002,50.992,31386842,1287.514732
Kenya,Africa,2007,54.11,35610177,1463.249282
Nigeria,Africa,2002,46.608,119901274,1615.286395
Nigeria,Africa,2007,46.859,135031164,2013.977305
South Africa,Africa,2002,53.365,44433622,7710.946444
South Africa,Africa,2007,49.339,43997828,9269.657808
